HLCIT CODE,Municipality,Pcode,District,0_14,15_49,50+,Total
524 1 10 4 006,Aamchowk,NP,Bhojpur,"9,263","13,264","3,879","26,406"
524 4 41 4 001,Aandhikhola,NP,Syangja,"4,454","5,650","1,913","12,017"
524 4 36 4 006,Aarughat,NP,Gorkha,"3,491","4,187","1,482","9,160"
524 6 61 3 001,Aathabis,NP,Dailekh,"5,780","7,469","2,557","15,806"
524 6 52 3 001,Aathbiskot,NP,Rukum West,"5,028","5,535","1,985","12,548"
524 1 08 4 003,Aathrai,NP,Terhathum,"4,266","4,990","1,781","11,037"
524 1 01 4 006,Aathrai Tribeni,NP,Taplejung,"5,056","6,332","2,396","13,784"
524 2 17 4 003,Aaurahi,NP,Dhanusha,"4,811","6,313","2,467","13,591"
524 6 66 4 007,Adanchuli,NP,Humla,"4,482","5,684","1,933","12,099"
524 2 33 4 009,Adarshkotwal,NP,Bara,"16,976","24,775","7,450","49,201"
524 7 70 4 001,Adharsha,NP,Doti,"8,133","10,906","3,874","22,913"
524 2 15 4 002,Agnisair Krishna Savaran,NP,Saptari,"6,415","8,735","3,131","18,281"
524 1 12 4 001,Ainselukhark,NP,Khotang,"7,513","10,737","3,634","21,884"
524 7 73 4 002,Ajaymeru,NP,Dadeldhura,"5,612","7,545","2,961","16,118"
524 4 36 4 002,Ajirkot,NP,Gorkha,"8,503","11,319","4,238","24,060"
524 7 73 4 004,Alital,NP,Dadeldhura,"4,990","6,191","2,238","13,419"
524 7 73 3 002,Amargadhi,NP,Dadeldhura,"8,609","11,508","4,498","24,615"
524 4 40 4 005,Anbukhaireni,NP,Tanahu,"9,994","17,320","5,613","32,927"
524 4 39 4 001,Annapurna,NP,Kaski,"13,895","26,579","8,062","48,536"
524 4 44 4 003,Annapurna,NP,Myagdi,"15,053","31,559","10,095","56,707"
524 7 75 4 003,Apihimal,NP,Darchula,"11,004","16,611","4,961","32,576"
524 4 41 4 003,Arjunchaupari,NP,Syangja,"7,004","10,904","3,711","21,619"
524 1 04 3 004,Arjundhara,NP,Jhapa,"4,381","8,532","3,152","16,065"
524 2 16 4 003,Arnama,NP,Siraha,"5,877","11,247","3,920","21,044"
524 1 10 4 003,Arun,NP,Bhojpur,"6,540","10,606","3,674","20,820"
524 2 18 3 003,Aurahi,NP,Mahottari,"5,643","10,212","3,280","19,135"
524 2 16 4 004,Aurahi,NP,Siraha,"6,243","9,243","3,017","18,503"
524 5 55 4 007,Ayirabati,NP,Pyuthan,"21,790","41,728","11,584","75,102"
524 5 56 4 001,Babai,NP,Dang,"19,316","33,200","12,080","64,596"
524 5 58 4 002,Badhaiyatal,NP,Bardiya,"12,231","20,701","7,209","40,141"
524 4 43 4 003,Badigad,NP,Baglung,"17,569","32,085","10,551","60,205"
524 7 70 4 006,Badikedar,NP,Doti,"32,335","60,558","18,844","111,737"
524 7 68 3 002,Badimalika,NP,Bajura,"15,834","26,745","10,454","53,033"
524 6 53 3 002,Bagchaur,NP,Salyan,"24,540","45,764","11,574","81,878"
524 4 43 3 003,Baglung,NP,Baglung,"19,330","34,884","11,319","65,533"
524 3 25 4 001,Bagmati,NP,Lalitpur,"11,670","22,467","7,448","41,585"
524 3 31 4 008,Bagmati,NP,Makawanpur,"11,168","16,622","5,244","33,034"
524 2 19 3 001,Bagmati,NP,Sarlahi,"12,870","22,682","8,813","44,365"
524 5 46 4 005,Bagnaskali,NP,Palpa,"12,910","16,708","4,983","34,601"
524 2 34 3 002,Bahudaramai,NP,Parsa,"11,093","16,898","5,662","33,653"
524 5 57 4 002,Baijanath,NP,Banke,"8,921","14,704","5,308","28,933"
524 3 22 4 004,Baiteshwor,NP,Dolakha,"13,995","19,403","6,140","39,538"
524 3 31 4 007,Bakaiya,NP,Makawanpur,"62,964","120,763","30,936","214,663"
524 2 15 4 004,Balan Bihul,NP,Saptari,"10,480","16,123","5,450","32,053"
524 2 19 3 011,Balara,NP,Sarlahi,"24,533","42,481","13,504","80,518"
524 3 23 4 006,Balefi,NP,Sindhupalchok,"19,878","33,865","12,149","65,892"
524 2 18 3 007,Balwa,NP,Mahottari,"18,705","30,967","11,460","61,132"
524 4 40 4 004,Bandipur,NP,Tanahu,"16,554","28,638","9,504","54,696"
524 3 24 3 002,Banepa,NP,Kabhrepalanchok,"16,987","25,958","9,068","52,013"
524 6 52 4 002,Banfikot,NP,Rukum West,"18,067","25,041","7,650","50,758"
524 6 53 3 001,Bangad Kupinde,NP,Salyan,"18,285","27,394","9,701","55,380"
524 5 49 3 003,Banganga,NP,Kapilbastu,"10,221","14,791","5,419","30,431"
524 5 56 4 005,Banglachuli,NP,Dang,"9,427","14,343","4,938","28,708"
524 7 69 4 003,Bannigadhi Jayagadh,NP,Achham,"11,800","18,803","7,430","38,033"
524 5 58 3 006,Bansagadhi,NP,Bardiya,"12,546","23,355","5,685","41,586"
524 2 33 4 006,Baragadhi,NP,Bara,"8,616","18,460","5,641","32,717"
524 1 06 3 001,Barah,NP,Sunsari,"13,672","21,050","5,053","39,775"
524 1 12 4 007,Barahapokhari,NP,Khotang,"15,814","20,621","5,384","41,819"
524 2 19 3 004,Barahathawa,NP,Sarlahi,"14,395","19,534","5,465","39,394"
524 6 59 4 002,Barahtal,NP,Surkhet,"37,287","78,888","21,530","137,705"
524 5 58 3 005,Barbardiya,NP,Bardiya,"41,879","79,019","19,619","140,517"
524 5 47 3 002,Bardaghat,NP,Nawalparasi West,"25,394","37,840","14,173","77,407"
524 7 71 4 005,Bardagoriya,NP,Kailali,"15,168","27,606","8,948","51,722"
524 2 18 3 001,Bardibas,NP,Mahottari,"21,493","32,584","9,516","63,593"
524 5 58 5 097,Bardiya National Park,NP,Bardiya,"18,086","31,064","7,066","56,216"
524 6 60 4 003,Barekot,NP,Jajarkot,"18,511","20,242","4,873","43,626"
524 4 43 4 006,Bareng,NP,Baglung,"17,396","18,432","4,681","40,509"
524 3 23 3 003,Barhabise,NP,Sindhupalchok,"11,499","18,176","5,177","34,852"
524 1 04 4 005,Barhadashi,NP,Jhapa,"17,778","17,976","5,092","40,846"
524 4 45 4 003,Barhagaun Muktikhsetra,NP,Mustang,"13,282","16,781","5,010","35,073"
524 2 16 4 005,Bariyarpatti,NP,Siraha,"10,398","16,326","4,454","31,178"
524 1 06 4 006,Barju,NP,Sunsari,1,1,1,1
524 2 19 4 001,Basbariya,NP,Sarlahi,"8,674","11,589","4,537","24,800"
524 2 17 4 001,Bateshwor,NP,Dhanusha,"7,213","10,608","4,257","22,078"
524 2 32 3 010,Baudhimai,NP,Rautahat,"10,882","19,998","5,739","36,619"
524 7 72 3 003,Bedkot,NP,Kanchanpur,"6,456","8,675","3,629","18,760"
524 1 14 3 004,Belaka,NP,Udayapur,"6,020","9,147","3,155","18,322"
524 7 72 3 006,Belauri,NP,Kanchanpur,"6,503","10,762","4,271","21,536"
524 1 05 3 003,Belbari,NP,Morang,"6,310","9,214","3,759","19,283"
524 7 72 4 001,Beldandi,NP,Kanchanpur,"5,863","8,190","2,881","16,934"
524 2 15 4 006,Belhi Chapena,NP,Saptari,"6,554","9,678","3,427","19,659"
524 3 28 3 002,Belkotgadhi,NP,Nuwakot,"2,659","3,853","1,566","8,078"
524 4 44 3 001,Beni,NP,Myagdi,"5,898","8,362","3,440","17,700"
524 3 30 4 008,Benighat Rorang,NP,Dhading,"7,389","10,315","4,043","21,747"
524 4 37 3 002,Besishahar,NP,Lamjung,"5,524","8,090","3,101","16,715"
524 3 24 4 003,Bethanchowk,NP,Kabhrepalanchok,"10,436","15,080","5,661","31,177"
524 1 04 3 008,Bhadrapur,NP,Jhapa,"6,564","7,928","3,029","17,521"
524 2 16 4 009,Bhagawanpur,NP,Siraha,"9,659","12,717","4,932","27,308"
524 6 61 4 007,Bhagawatimai,NP,Dailekh,"6,634","8,409","3,192","18,235"
524 7 73 4 001,Bhageshwar,NP,Dadeldhura,"5,060","6,708","2,702","14,470"
524 6 61 4 002,Bhairabi,NP,Dailekh,"5,261","6,223","2,088","13,572"
524 7 71 3 004,Bhajani,NP,Kailali,"2,524","2,942","1,110","6,576"
524 3 26 3 003,Bhaktapur,NP,Bhaktapur,"4,182","5,472","2,152","11,806"
524 2 18 3 004,Bhangaha,NP,Mahottari,"2,356","3,439","1,270","7,065"
524 4 40 3 003,Bhanu,NP,Tanahu,"3,971","4,778","1,743","10,492"
524 3 35 1 001,Bharatpur,NP,Chitawan,"11,213","14,511","5,882","31,606"
524 6 60 3 002,Bheri,NP,Jajarkot,"8,781","13,406","5,017","27,204"
524 6 59 3 002,Bheriganga,NP,Surkhet,"5,189","5,711","2,211","13,111"
524 4 40 3 004,Bhimad,NP,Tanahu,"6,254","8,286","3,671","18,211"
524 7 72 3 002,Bhimdatta,NP,Kanchanpur,"6,225","8,122","3,340","17,687"
524 3 22 3 001,Bhimeshwor,NP,Dolakha,"6,696","8,851","3,341","18,888"
524 3 31 4 004,Bhimphedi,NP,Makawanpur,"5,275","7,217","2,902","15,394"
524 4 36 4 007,Bhimsen,NP,Gorkha,"6,830","8,688","3,202","18,720"
524 4 41 3 002,Bhirkot,NP,Syangja,"6,868","9,403","4,133","20,404"
524 1 10 3 002,Bhojpur,NP,Bhojpur,"6,657","10,236","3,506","20,399"
524 1 06 4 002,Bhokraha,NP,Sunsari,"2,289","5,223","1,477","8,989"
524 3 23 4 004,Bhotekoshi,NP,Sindhupalchok,"4,845","5,089","1,518","11,452"
524 1 09 4 002,Bhotkhola,NP,Sankhuwasabha,"1,869","2,610","1,055","5,534"
524 5 52 4 003,Bhume,NP,Rukum East,"4,778","6,322","2,314","13,414"
524 5 50 3 001,Bhumekasthan,NP,Arghakhanchi,"5,440","7,461","3,228","16,129"
524 3 24 4 001,Bhumlu,NP,Kabhrepalanchok,"6,957","9,056","3,659","19,672"
524 2 17 3 010,Bideha,NP,Dhanusha,"3,699","4,315","1,516","9,530"
524 3 28 3 001,Bidur,NP,Nuwakot,"11,709","12,921","4,902","29,532"
524 3 22 4 001,Bigu,NP,Dolakha,"16,690","21,765","8,448","46,903"
524 4 42 4 003,Bihadi,NP,Parbat,"5,869","7,198","3,030","16,097"
524 5 49 4 001,Bijayanagar,NP,Kapilbastu,"5,790","6,695","2,803","15,288"
524 4 47 4 004,Binayee Tribeni,NP,Nawalparasi East,"4,993","5,861","2,515","13,369"
524 2 34 4 010,Bindabasini,NP,Parsa,"7,709","8,911","3,555","20,175"
524 1 05 1 001,Biratnagar,NP,Morang,"4,119","5,258","2,217","11,594"
524 6 59 3 003,Birendranagar,NP,Surkhet,"8,429","9,910","4,135","22,474"
524 2 34 1 001,Birgunj,NP,Parsa,"5,767","6,325","2,257","14,349"
524 1 04 3 007,Birtamod,NP,Jhapa,"5,923","6,738","2,783","15,444"
524 4 41 4 004,Biruwa,NP,Syangja,"9,265","13,382","5,348","27,995"
524 2 19 4 008,Bishnu,NP,Sarlahi,"5,603","6,919","2,584","15,106"
524 2 15 4 007,Bishnupur,NP,Saptari,"5,076","6,117","2,856","14,049"
524 2 16 4 002,Bishnupur,NP,Siraha,"5,694","7,504","3,043","16,241"
524 2 33 4 004,Bishrampur,NP,Bara,"7,186","8,016","3,411","18,613"
524 7 67 4 004,Bithadchir,NP,Bajhang,"6,868","8,203","3,479","18,550"
524 2 15 3 006,Bode Barsain,NP,Saptari,"5,388","6,566","3,242","15,196"
524 7 70 4 007,Bogtan,NP,Doti,"7,431","9,738","3,905","21,074"
524 2 19 4 007,Bramhapuri,NP,Sarlahi,"21,623","26,694","7,829","56,146"
524 2 32 3 005,Brindaban,NP,Rautahat,"30,922","44,387","12,248","87,557"
524 5 49 3 002,Buddhabhumi,NP,Kapilbastu,"17,387","22,842","8,345","48,574"
524 1 04 4 002,Buddhashanti,NP,Jhapa,"15,470","20,103","6,813","42,386"
524 3 27 3 003,Budhanilakantha,NP,Kathmandu,"6,020","6,380","2,162","14,562"
524 7 68 3 003,Budhiganga,NP,Bajura,"12,360","14,060","4,311","30,731"
524 1 05 4 004,Budhiganga,NP,Morang,"4,885","5,208","1,899","11,992"
524 7 68 3 001,Budhinanda,NP,Bajura,"9,527","10,669","3,285","23,481"
524 4 47 4 002,Bulingtar,NP,Nawalparasi East,0,0,0,0
524 7 67 3 001,Bungal,NP,Bajhang,"15,489","21,502","7,231","44,222"
524 4 47 4 001,Bungdikali,NP,Nawalparasi East,"16,784","21,308","7,276","45,368"
524 5 48 2 001,Butwal,NP,Rupandehi,"12,643","16,849","5,721","35,213"
524 7 75 4 001,Byas,NP,Darchula,"18,848","26,089","8,351","53,288"
524 4 40 3 002,Byas,NP,Tanahu,"7,057","10,595","3,479","21,131"
524 7 67 4 007,Chabispathivera,NP,Bajhang,"16,453","20,041","6,735","43,229"
524 1 09 3 003,Chainpur,NP,Sankhuwasabha,"16,519","19,363","6,872","42,754"
524 2 19 4 004,Chakraghatta,NP,Sarlahi,"22,950","35,863","9,583","68,396"
524 4 38 4 003,Chame,NP,Manang,"17,423","21,669","6,642","45,734"
524 1 13 4 004,Champadevi,NP,Okhaldhunga,"9,884","12,377","4,126","26,387"
524 6 61 3 002,Chamunda Bindrasaini,NP,Dailekh,"9,377","13,267","4,485","27,129"
524 6 63 3 001,Chandannath,NP,Jumla,"7,631","10,803","3,576","22,010"
524 3 27 3 008,Chandragiri,NP,Kathmandu,"8,245","10,011","3,563","21,819"
524 5 51 4 006,Chandrakot,NP,Gulmi,"10,936","13,620","3,986","28,542"
524 2 19 4 002,Chandranagar,NP,Sarlahi,"11,246","13,765","4,448","29,459"
524 2 32 3 002,Chandrapur,NP,Rautahat,"8,801","10,957","3,280","23,038"
524 3 26 3 002,Changunarayan,NP,Bhaktapur,"10,787","13,344","4,259","28,390"
524 6 66 4 005,Chankheli,NP,Humla,"11,392","15,454","4,889","31,735"
524 4 41 3 005,Chapakot,NP,Syangja,0,0,0,0
524 5 51 4 007,Chatrakot,NP,Gulmi,"11,719","14,339","4,909","30,967"
524 1 07 4 004,Chaubise,NP,Dhankuta,"18,409","23,197","7,305","48,911"
524 1 14 3 003,Chaudandigadhi,NP,Udayapur,"19,411","25,245","7,481","52,137"
524 6 59 4 001,Chaukune,NP,Surkhet,"17,169","23,440","6,840","47,449"
524 3 24 4 002,Chaurideurali,NP,Kabhrepalanchok,"33,344","45,595","12,827","91,766"
524 6 52 3 002,Chaurjahari,NP,Rukum West,"19,912","21,542","7,836","49,290"
524 7 69 4 001,Chaurpati,NP,Achham,"13,985","17,001","5,897","36,883"
524 3 23 3 002,Chautara Sangachok Gadhi,NP,Sindhupalchok,"32,603","37,882","12,046","82,531"
524 6 62 4 006,Chharka Tangsong,NP,Dolpa,"7,698","8,893","2,778","19,369"
524 1 08 4 004,Chhathar,NP,Terhathum,"7,458","8,147","2,917","18,522"
524 1 07 4 002,Chhathar Jorpati,NP,Dhankuta,"9,435","9,996","3,481","22,912"
524 5 50 4 002,Chhatradev,NP,Arghakhanchi,"9,338","10,116","3,592","23,046"
524 6 53 4 005,Chhatreshwori,NP,Salyan,"10,086","11,200","3,970","25,256"
524 6 65 3 001,Chhayanath Rara,NP,Mugu,"11,250","12,401","4,403","28,054"
524 6 60 3 001,Chhedagad,NP,Jajarkot,"7,469","8,775","2,775","19,019"
524 7 68 4 003,Chhededaha,NP,Bajura,"7,103","8,425","3,030","18,558"
524 2 15 4 008,Chhinnamasta,NP,Saptari,"8,088","9,577","3,292","20,957"
524 2 34 4 007,Chhipaharmai,NP,Parsa,"55,483","85,650","21,039","162,172"
524 2 17 3 003,Chhireshwornath,NP,Dhanusha,"12,716","15,873","4,967","33,556"
524 1 09 4 004,Chichila,NP,Sankhuwasabha,"13,676","17,472","5,190","36,338"
524 6 59 4 003,Chingad,NP,Surkhet,"15,477","20,904","5,412","41,793"
524 1 13 4 006,Chisankhugadhi,NP,Okhaldhunga,"17,558","21,462","6,565","45,585"
524 3 35 5 097,Chitwan National Park,NP,Chitawan,"14,867","17,474","5,875","38,216"
524 3 31 5 097,Chitwan National Park,NP,Makawanpur,"20,927","23,684","7,778","52,389"
524 4 47 5 097,Chitwan National Park,NP,Nawalparasi East,"18,412","21,398","7,612","47,422"
524 2 34 5 097,Chitwan National Park,NP,Parsa,"15,205","23,278","6,681","45,164"
524 1 03 4 004,Chulachuli,NP,Ilam,"13,428","16,629","5,526","35,583"
524 4 36 4 001,Chum Nubri,NP,Gorkha,"12,013","15,563","4,690","32,266"
524 7 71 4 001,Chure,NP,Kailali,"15,456","17,069","6,099","38,624"
524 2 15 3 007,Dakneshwori,NP,Saptari,"7,638","10,953","2,939","21,530"
524 3 27 3 010,Dakshinkali,NP,Kathmandu,"10,133","14,137","3,981","28,251"
524 4 45 4 002,Dalome,NP,Mustang,"8,421","10,844","3,313","22,578"
524 1 04 3 001,Damak,NP,Jhapa,"7,850","10,315","3,230","21,395"
524 5 56 4 002,Dangisharan,NP,Dang,"9,825","11,900","3,757","25,482"
524 6 53 4 002,Darma,NP,Salyan,"10,003","11,726","3,609","25,338"
524 7 74 3 001,Dasharathchanda,NP,Baitadi,"22,588","31,639","9,985","64,212"
524 1 03 3 001,Deumai,NP,Ilam,"26,003","31,591","9,083","66,677"
524 4 47 3 003,Devchuli,NP,Nawalparasi East,"13,225","13,919","4,707","31,851"
524 5 48 3 002,Devdaha,NP,Rupandehi,"18,835","20,886","7,036","46,757"
524 4 40 4 006,Devghat,NP,Tanahu,"13,280","12,600","4,532","30,412"
524 2 33 4 007,Devtal,NP,Bara,"19,204","22,552","7,936","49,692"
524 2 32 3 007,Dewahhi Gonahi,NP,Rautahat,"17,467","18,032","6,842","42,341"
524 1 06 4 005,Dewanganj,NP,Sunsari,"16,361","17,276","6,246","39,883"
524 7 69 4 005,Dhakari,NP,Achham,"21,913","27,042","8,594","57,549"
524 2 17 4 004,Dhanauji,NP,Dhanusha,"12,864","13,836","4,326","31,026"
524 7 71 2 001,Dhangadhi,NP,Kailali,"16,176","16,861","5,710","38,747"
524 2 16 3 004,Dhangadhimai,NP,Siraha,"14,484","14,528","4,779","33,791"
524 2 19 4 003,Dhankaul,NP,Sarlahi,"12,150","12,938","4,227","29,315"
524 1 07 3 003,Dhankuta,NP,Dhankuta,"10,351","12,621","4,458","27,430"
524 1 05 4 008,Dhanpalthan,NP,Morang,"13,034","16,696","5,794","35,524"
524 2 17 3 004,Dhanusadham,NP,Dhanusha,"14,252","20,177","5,970","40,399"
524 1 06 2 001,Dharan,NP,Sunsari,"15,427","22,014","6,483","43,924"
524 4 36 4 004,Dharche,NP,Gorkha,"20,820","29,641","8,934","59,395"
524 1 09 3 004,Dharmadevi,NP,Sankhuwasabha,"27,130","33,397","9,295","69,822"
524 4 44 4 001,Dhaulagiri,NP,Myagdi,"14,666","17,797","4,888","37,351"
524 2 34 4 006,Dhobini,NP,Parsa,"22,922","28,510","8,554","59,986"
524 6 53 4 003,Dhorchaur,NP,Salyan,"17,050","19,514","5,772","42,336"
524 4 43 3 001,Dhorpatan,NP,Baglung,"19,294","21,324","7,069","47,687"
524 4 43 5 098,Dhorpatan Hunting Reserve,NP,Baglung,"18,608","22,029","5,879","46,516"
524 4 44 5 098,Dhorpatan Hunting Reserve,NP,Myagdi,"14,678","16,476","4,888","36,042"
524 5 52 5 098,Dhorpatan Hunting Reserve,NP,Rukum East,"17,524","21,068","6,602","45,194"
524 3 24 3 003,Dhulikhel,NP,Kabhrepalanchok,"9,562","10,850","3,156","23,568"
524 3 30 3 002,Dhunibesi,NP,Dhading,"13,656","15,290","4,382","33,328"
524 5 51 4 003,Dhurkot,NP,Gulmi,"10,211","11,237","3,340","24,788"
524 7 74 4 001,Dilasaini,NP,Baitadi,"11,594","12,512","3,846","27,952"
524 7 70 3 002,Dipayal Silgadi,NP,Doti,"11,526","13,264","3,937","28,727"
524 1 12 4 004,Diprung,NP,Khotang,"10,667","11,914","3,504","26,085"
524 7 74 4 002,Dogadakedar,NP,Baitadi,"12,375","13,545","3,912","29,832"
524 6 62 4 003,Dolpo Buddha,NP,Dolpa,"9,891","11,289","3,568","24,748"
524 3 21 4 002,Doramba,NP,Ramechhap,"9,110","9,649","2,891","21,650"
524 4 37 4 003,Dordi,NP,Lamjung,"18,264","22,547","5,781","46,592"
524 1 11 4 006,Dudhkaushika,NP,Solukhumbu,"24,258","37,683","10,118","72,059"
524 1 11 4 004,Dudhkoshi,NP,Solukhumbu,"14,450","17,180","4,678","36,308"
524 3 20 3 002,Dudhouli,NP,Sindhuli,"16,187","17,127","5,098","38,412"
524 4 37 4 004,Dudhpokhari,NP,Lamjung,"17,433","19,711","5,591","42,735"
524 5 57 4 004,Duduwa,NP,Banke,"11,394","11,686","3,344","26,424"
524 1 06 3 004,Duhabi,NP,Sunsari,"13,450","14,337","4,356","32,143"
524 5 54 4 002,Duikholi,NP,Rolpa,"21,276","22,665","6,540","50,481"
524 6 61 3 003,Dullu,NP,Dailekh,"16,393","18,720","5,297","40,410"
524 6 61 4 006,Dungeshwor,NP,Dailekh,"14,221","14,479","4,565","33,265"
524 7 75 4 002,Dunhu,NP,Darchula,"14,401","15,949","4,825","35,175"
524 3 28 4 008,Dupcheshwar,NP,Nuwakot,"16,027","16,464","4,962","37,453"
524 2 32 4 002,Durga Bhagwati,NP,Rautahat,"17,366","18,414","5,655","41,435"
524 7 67 4 006,Durgathali,NP,Bajhang,"18,718","17,187","5,173","41,078"
524 2 18 4 003,Ekdanra,NP,Mahottari,"13,361","17,152","4,424","34,937"
524 1 03 4 001,Fakphokthum,NP,Ilam,"12,205","14,243","4,121","30,569"
524 1 02 4 003,Falelung,NP,Panchthar,"10,087","10,606","3,191","23,884"
524 1 02 4 005,Falgunanda,NP,Panchthar,"8,831","10,643","3,225","22,699"
524 5 56 4 006,Gadhawa,NP,Dang,"42,163","60,598","14,333","117,094"
524 1 06 4 003,Gadhi,NP,Sunsari,"49,374","58,431","15,219","123,024"
524 2 32 3 009,Gadhimai,NP,Rautahat,"11,788","18,010","5,537","35,335"
524 5 48 4 003,Gaidahawa,NP,Rupandehi,"15,416","22,245","6,374","44,035"
524 4 47 3 004,Gaidakot,NP,Nawalparasi East,"21,374","23,928","7,034","52,336"
524 3 30 4 009,Gajuri,NP,Dhading,"14,766","14,939","4,468","34,173"
524 3 30 4 010,Galchi,NP,Dhading,"20,225","21,706","6,639","48,570"
524 4 43 3 002,Galkot,NP,Baglung,"9,177","10,977","2,633","22,787"
524 4 41 3 003,Galyang,NP,Syangja,"10,047","11,918","3,084","25,049"
524 7 73 4 005,Ganayapdhura,NP,Dadeldhura,"10,134","12,721","3,632","26,487"
524 4 36 4 009,Gandaki,NP,Gorkha,"10,008","10,843","2,934","23,785"
524 2 17 3 002,Ganeshman Charnath,NP,Dhanusha,"10,863","11,675","3,115","25,653"
524 3 30 4 002,Gangajamuna,NP,Dhading,"10,485","12,863","3,843","27,191"
524 2 32 3 008,Garuda,NP,Rautahat,"9,613","10,354","3,256","23,223"
524 5 55 4 002,Gaumukhi,NP,Pyuthan,"12,645","12,924","3,968","29,537"
524 7 68 4 002,Gaumul,NP,Bajura,"11,861","12,034","3,657","27,552"
524 2 32 3 015,Gaur,NP,Rautahat,0,0,0,0
524 1 04 3 006,Gauradhaha,NP,Jhapa,"89,087","124,893","26,942","240,922"
524 7 71 3 002,Gauriganga,NP,Kailali,"13,229","15,046","4,610","32,885"
524 1 04 4 003,Gauriganj,NP,Jhapa,"16,125","18,294","5,254","39,673"
524 3 22 4 002,Gaurishankar,NP,Dolakha,"14,666","18,988","4,953","38,607"
524 2 18 3 002,Gaushala,NP,Mahottari,"6,413","10,480","3,504","20,397"
524 5 58 4 001,Geruwa,NP,Bardiya,"8,414","11,182","3,169","22,765"
524 3 20 4 003,Ghanglekh,NP,Sindhuli,"9,096","11,516","3,289","23,901"
524 4 45 4 004,Gharapjhong,NP,Mustang,"13,020","15,845","4,183","33,048"
524 4 40 4 002,Ghiring,NP,Tanahu,"13,330","14,985","4,348","32,663"
524 7 71 3 003,Ghodaghodi,NP,Kailali,"7,972","8,987","2,952","19,911"
524 5 56 2 002,Ghorahi,NP,Dang,"10,809","12,144","3,718","26,671"
524 2 19 3 008,Godaita,NP,Sarlahi,"8,423","9,608","3,110","21,141"
524 7 71 3 001,Godawari,NP,Kailali,"9,906","11,101","3,461","24,468"
524 3 25 3 001,Godawari,NP,Lalitpur,"8,189","9,328","3,200","20,717"
524 3 27 3 004,Gokarneshwor,NP,Kathmandu,0,0,0,0
524 3 21 4 003,Gokulganga,NP,Ramechhap,0,0,0,0
524 3 20 4 005,Golanjor,NP,Sindhuli,"23,094","31,290","10,002","64,386"
524 2 16 3 003,Golbazar,NP,Siraha,"25,357","30,502","9,443","65,302"
524 4 36 3 002,Gorkha,NP,Gorkha,"12,657","12,020","3,050","27,727"
524 3 29 4 002,Gosaikunda,NP,Rasuwa,"12,081","12,309","3,432","27,822"
524 1 05 4 005,Gramthan,NP,Morang,"5,970","5,802","1,989","13,761"
524 2 32 3 001,Gujara,NP,Rautahat,"7,618","9,830","4,025","21,473"
524 5 58 3 004,Gulariya,NP,Bardiya,"7,516","8,564","3,249","19,329"
524 5 51 4 005,Gulmidarbar,NP,Gulmi,"14,188","16,768","5,449","36,405"
524 6 61 4 005,Gurans,NP,Dailekh,"7,199","7,335","2,434","16,968"
524 6 59 3 005,Gurbhakot,NP,Surkhet,"15,388","21,330","8,698","45,416"
524 6 63 4 007,Guthichaur,NP,Jumla,"9,990","12,580","6,042","28,612"
524 1 04 4 006,Haldibari,NP,Jhapa,"5,804","8,331","3,993","18,128"
524 1 12 3 001,Halesi Tuwachung,NP,Khotang,"8,128","10,047","4,563","22,738"
524 2 17 3 007,Hansapur,NP,Dhanusha,"6,867","9,369","3,822","20,058"
524 2 15 3 009,Hanumannagar Kankalini,NP,Saptari,"6,152","8,074","3,375","17,601"
524 3 20 4 001,Hariharpurgadhi,NP,Sindhuli,"8,752","11,702","5,307","25,761"
524 1 06 4 004,Harinagara,NP,Sunsari,"8,227","10,368","4,514","23,109"
524 4 41 4 005,Harinas,NP,Syangja,"9,918","15,997","6,571","32,486"
524 2 19 3 005,Haripur,NP,Sarlahi,"5,185","7,438","2,892","15,515"
524 2 19 3 010,Haripurwa,NP,Sarlahi,"6,701","8,012","3,736","18,449"
524 2 19 3 002,Hariwan,NP,Sarlahi,"5,994","7,553","3,515","17,062"
524 1 10 4 007,Hatuwagadhi,NP,Bhojpur,"8,198","10,356","4,400","22,954"
524 3 23 4 001,Helambu,NP,Sindhupalchok,"6,398","9,291","4,187","19,876"
524 3 31 2 001,Hetauda,NP,Makawanpur,"6,625","8,745","4,328","19,698"
524 1 02 4 001,Hilihang,NP,Panchthar,"6,938","8,906","4,366","20,210"
524 6 63 4 004,Hima,NP,Jumla,"6,551","8,627","3,671","18,849"
524 7 68 4 001,Himali,NP,Bajura,"14,968","22,137","8,238","45,343"
524 4 47 4 003,Hupsekot,NP,Nawalparasi East,"15,662","22,210","8,625","46,497"
524 3 35 4 001,Ichchhyakamana,NP,Chitawan,"8,476","12,991","5,068","26,535"
524 1 03 3 002,Illam,NP,Ilam,"5,737","8,207","3,727","17,671"
524 1 06 3 003,Inaruwa,NP,Sunsari,"7,010","9,525","4,325","20,860"
524 3 31 4 005,Indrasarowar,NP,Makawanpur,"7,128","8,306","3,797","19,231"
524 3 23 4 005,Indrawati,NP,Sindhupalchok,"5,307","8,552","2,772","16,631"
524 2 32 3 013,Ishanath,NP,Rautahat,"9,852","13,283","5,382","28,517"
524 2 19 3 006,Ishworpur,NP,Sarlahi,"5,956","9,082","3,871","18,909"
524 5 51 4 004,Isma,NP,Gulmi,"5,168","8,242","3,836","17,246"
524 1 06 2 002,Itahari,NP,Sunsari,"4,104","6,184","2,909","13,197"
524 6 62 4 002,Jagadulla,NP,Dolpa,"4,205","7,258","3,670","15,133"
524 2 34 4 005,Jagarnathpur,NP,Parsa,"10,091","16,556","6,012","32,659"
524 1 05 4 007,Jahada,NP,Morang,"14,435","32,849","8,344","55,628"
524 4 43 3 004,Jaimuni,NP,Baglung,"8,865","18,074","5,223","32,162"
524 2 18 3 009,Jaleswor,NP,Mahottari,"11,086","20,324","6,587","37,997"
524 4 42 4 001,Jaljala,NP,Parbat,"12,812","25,598","8,185","46,595"
524 7 71 4 006,Janaki,NP,Kailali,"8,882","14,764","5,873","29,519"
524 2 17 4 006,Janaknandani,NP,Dhanusha,"5,785","8,998","4,133","18,916"
524 2 17 2 001,Janakpur,NP,Dhanusha,"7,003","9,294","4,532","20,829"
524 5 57 4 003,Janki,NP,Banke,"5,354","8,246","3,177","16,777"
524 1 12 4 008,Jantedhunga,NP,Khotang,"10,099","13,449","5,198","28,746"
524 7 67 3 002,Jaya Prithivi,NP,Bajhang,"7,339","10,569","4,804","22,712"
524 1 04 4 004,Jhapa,NP,Jhapa,"6,211","6,506","1,681","14,398"
524 5 55 4 003,Jhimruk,NP,Pyuthan,"7,986","7,933","2,364","18,283"
524 2 34 4 002,Jirabhawani,NP,Parsa,"63,244","180,007","41,671","284,922"
524 3 22 3 002,Jiri,NP,Dolakha,"19,479","46,475","12,347","78,301"
524 2 33 2 001,Jitpur Simara,NP,Bara,"14,697","38,508","8,967","62,172"
524 7 70 4 004,Jorayal,NP,Doti,"4,472","6,487","2,090","13,049"
524 7 71 4 004,Joshipur,NP,Kailali,"3,269","4,905","1,535","9,709"
524 3 23 4 003,Jugal,NP,Sindhupalchok,"3,105","4,777","1,571","9,453"
524 6 60 4 001,Junichande,NP,Jajarkot,"20,250","52,298","10,488","83,036"
524 3 30 4 006,Jwalamukhi,NP,Dhading,"14,278","32,268","8,884","55,430"
524 7 70 4 005,K I Singh,NP,Doti,"19,332","50,452","11,964","81,748"
524 2 19 3 007,Kabilasi,NP,Sarlahi,"19,523","47,948","11,019","78,490"
524 1 04 4 007,Kachankawal,NP,Jhapa,"218,083","634,547","122,823","975,453"
524 3 27 3 006,Kageshwori Manahora,NP,Kathmandu,"21,635","51,033","8,775","81,443"
524 6 62 4 005,Kaike,NP,Dolpa,"25,712","63,578","9,742","99,032"
524 7 71 4 002,Kailari,NP,Kailali,"27,689","67,621","12,608","107,918"
524 3 31 4 003,Kailash,NP,Makawanpur,"29,822","67,229","10,300","107,351"
524 3 28 4 009,Kakani,NP,Nuwakot,"16,760","42,692","7,968","67,420"
524 2 33 2 002,Kalaiya,NP,Bara,"15,772","36,771","7,694","60,237"
524 4 41 4 006,Kaligandagi,NP,Syangja,"6,859","13,955","4,524","25,338"
524 5 51 4 010,Kaligandaki,NP,Gulmi,"21,558","52,698","10,942","85,198"
524 3 35 3 001,Kalika,NP,Chitawan,"6,000","14,076","4,221","24,297"
524 6 64 4 005,Kalika,NP,Kalikot,"16,266","27,999","10,086","54,351"
524 3 29 4 004,Kalika,NP,Rasuwa,"12,331","44,663","8,608","65,602"
524 2 34 4 008,Kalikamai,NP,Parsa,"13,610","20,146","6,942","40,698"
524 6 53 4 004,Kalimati,NP,Salyan,"4,240","6,352","2,887","13,479"
524 3 22 4 003,Kalinchok,NP,Dolakha,"4,922","6,866","3,073","14,861"
524 2 16 3 006,Kalyanpur,NP,Siraha,"5,341","6,958","3,420","15,719"
524 1 04 4 001,Kamal,NP,Jhapa,"5,705","7,847","3,248","16,800"
524 2 17 3 011,Kamala,NP,Dhanusha,"5,699","8,584","3,649","17,932"
524 3 20 3 001,Kamalamai,NP,Sindhuli,"4,880","8,595","3,377","16,852"
524 7 69 3 003,Kamalbazar,NP,Achham,"4,907","7,960","3,078","15,945"
524 6 63 4 001,Kanakasundari,NP,Jumla,"8,269","10,072","3,765","22,106"
524 5 48 4 001,Kanchan,NP,Rupandehi,"8,233","13,548","4,482","26,263"
524 2 15 3 005,Kanchanrup,NP,Saptari,"6,502","9,756","4,511","20,769"
524 7 67 4 001,Kanda,NP,Bajhang,0,0,0,0
524 1 05 4 003,Kanepokhari,NP,Morang,0,0,0,0
524 1 04 3 003,Kankai,NP,Jhapa,"1,990","2,405","1,095","5,490"
524 4 43 4 005,Kanthekhola,NP,Baglung,"2,072","3,714","1,357","7,143"
524 5 49 3 006,Kapilbastu,NP,Kapilbastu,"2,755","3,926","1,574","8,255"
524 6 53 4 007,Kapurkot,NP,Salyan,"3,098","4,586","1,737","9,421"
524 2 33 4 003,Karaiyamai,NP,Bara,"4,488","5,069","2,267","11,824"
524 2 16 3 001,Karjanha,NP,Siraha,"20,471","27,425","10,619","58,515"
524 1 05 4 006,Katahari,NP,Morang,"9,168","16,251","5,610","31,029"
524 2 32 3 004,Katahariya,NP,Rautahat,"3,416","4,041","2,105","9,562"
524 1 14 3 001,Katari,NP,Udayapur,"7,082","9,854","4,848","21,784"
524 3 27 1 001,Kathmandu,NP,Kathmandu,"4,863","5,223","2,663","12,749"
524 2 19 4 006,Kaudena,NP,Sarlahi,"7,402","10,602","4,956","22,960"
524 4 47 3 002,Kawasoti,NP,Nawalparasi East,"4,013","5,694","3,163","12,870"
524 7 67 4 005,Kedarseu,NP,Bajhang,"8,137","10,487","5,342","23,966"
524 1 12 4 002,Kepilasagadhi,NP,Khotang,"8,283","11,002","4,444","23,729"
524 1 05 4 001,Kerabari,NP,Morang,"12,237","14,546","4,692","31,475"
524 3 21 4 005,Khadadevi,NP,Ramechhap,"10,333","12,672","4,079","27,084"
524 2 15 3 002,Khadak,NP,Saptari,"9,090","12,272","4,293","25,655"
524 3 35 3 003,Khairahani,NP,Chitawan,"11,122","16,314","5,478","32,914"
524 5 57 4 001,Khajura,NP,Banke,"44,138","85,420","23,317","152,875"
524 1 07 4 001,Khalsa Chhintang Shahidbhumi,NP,Dhankuta,"14,075","20,230","7,318","41,623"
524 6 64 3 002,Khandachakra,NP,Kalikot,"13,927","18,810","5,662","38,399"
524 1 09 3 001,Khandbari,NP,Sankhuwasabha,"11,195","11,661","3,336","26,192"
524 3 24 4 006,Khanikhola,NP,Kabhrepalanchok,"10,156","10,376","3,390","23,922"
524 3 30 4 003,Khaniyabash,NP,Dhading,"8,183","11,428","3,733","23,344"
524 7 69 5 097,Khaptad National Park,NP,Achham,"16,432","18,048","5,140","39,620"
524 7 67 5 097,Khaptad National Park,NP,Bajhang,"4,428","6,896","2,485","13,809"
524 7 68 5 097,Khaptad National Park,NP,Bajura,"9,301","12,275","3,746","25,322"
524 7 70 5 097,Khaptad National Park,NP,Doti,"12,278","14,137","4,080","30,495"
524 7 67 4 010,Khaptadchhanna,NP,Bajhang,0,0,0,0
524 6 66 4 003,Kharpunath,NP,Humla,0,0,0,0
524 6 65 4 001,Khatyad,NP,Mugu,"79,149","156,912","44,441","280,502"
524 1 13 4 001,Khijidemba,NP,Okhaldhunga,"14,083","21,850","6,560","42,493"
524 1 12 4 006,Khotehang,NP,Khotang,"19,374","39,011","11,466","69,851"
524 1 11 4 001,Khumbupasanglahmu,NP,Solukhumbu,"15,490","30,945","9,659","56,094"
524 3 27 3 009,Kirtipur,NP,Kathmandu,"19,803","29,449","8,855","58,107"
524 3 28 4 002,Kispang,NP,Nuwakot,"12,250","18,570","6,863","37,683"
524 5 57 3 001,Kohalpur,NP,Banke,"9,491","11,888","3,623","25,002"
524 2 33 3 002,Kolhabi,NP,Bara,0,0,0,0
524 3 25 4 002,Konjyosom,NP,Lalitpur,"12,403","17,038","8,733","38,174"
524 1 06 4 001,Koshi,NP,Sunsari,"16,029","24,191","9,052","49,272"
524 2 15 5 095,Koshi Tappu Wildlife Reserve,NP,Saptari,"8,980","10,571","5,838","25,389"
524 1 06 5 095,Koshi Tappu Wildlife Reserve,NP,Sunsari,"2,326","3,119","1,478","6,923"
524 1 14 5 095,Koshi Tappu Wildlife Reserve,NP,Udayapur,"5,056","6,965","3,581","15,602"
524 5 48 4 008,Kotahimai,NP,Rupandehi,"4,689","5,630","2,910","13,229"
524 5 49 3 004,Krishnanagar,NP,Kapilbastu,"7,250","10,589","5,789","23,628"
524 7 72 3 005,Krishnapur,NP,Kanchanpur,"8,172","10,561","5,151","23,884"
524 6 53 4 001,Kumakhmalika,NP,Salyan,"7,289","9,590","5,154","22,033"
524 1 02 4 004,Kummayak,NP,Panchthar,"8,490","12,629","6,436","27,555"
524 6 60 4 002,Kuse,NP,Jajarkot,"7,966","10,288","4,999","23,253"
524 4 42 3 001,Kushma,NP,Parbat,"7,309","10,870","5,206","23,385"
524 4 37 4 001,Kwholasothar,NP,Lamjung,"12,892","19,044","7,420","39,356"
524 2 16 3 005,Lahan,NP,Siraha,"8,827","12,581","5,456","26,864"
524 2 17 4 002,Lakshminiya,NP,Dhanusha,"5,925","8,346","4,256","18,527"
524 2 19 3 003,Lalbandi,NP,Sarlahi,"3,112","4,386","2,534","10,032"
524 1 08 3 001,Laligurans,NP,Terhathum,"5,923","8,467","4,369","18,759"
524 3 25 1 001,Lalitpur,NP,Lalitpur,"5,720","7,988","4,544","18,252"
524 7 72 4 002,Laljhadi,NP,Kanchanpur,"3,276","4,770","2,929","10,975"
524 5 56 3 001,Lamahi,NP,Dang,425,"1,265",532,"2,222"
524 1 12 4 003,Lamidanda,NP,Khotang,125,291,122,538
524 7 71 3 006,Lamkichuha,NP,Kailali,279,674,176,"1,129"
524 3 28 5 097,Langtang National Park,NP,Nuwakot,515,"1,011",412,"1,938"
524 2 16 4 006,Laxmipur Patari,NP,Siraha,"114,719","228,334","59,942","402,995"
524 7 75 4 006,Lekam,NP,Darchula,"7,338","11,345","4,734","23,417"
524 6 59 3 004,Lekbeshi,NP,Surkhet,"6,773","10,357","4,738","21,868"
524 1 05 3 001,Letang,NP,Morang,"5,648","8,006","4,499","18,153"
524 3 28 4 006,Likhu,NP,Nuwakot,"23,554","35,123","11,658","70,335"
524 1 13 4 002,Likhu,NP,Okhaldhunga,"4,417","6,562","3,540","14,519"
524 3 21 4 006,Likhu,NP,Ramechhap,"15,966","23,776","8,714","48,456"
524 1 11 4 003,Likhupike,NP,Solukhumbu,"14,327","20,925","10,540","45,792"
524 3 23 4 009,Lisangkhu Pakhar,NP,Sindhupalchok,"10,873","14,303","6,186","31,362"
524 2 18 3 008,Loharpatti,NP,Mahottari,"7,325","10,506","4,671","22,502"
524 4 45 4 001,Lomanthang,NP,Mustang,"7,211","8,445","3,662","19,318"
524 5 48 3 004,Lumbini Sanskritik,NP,Rupandehi,"9,879","11,047","4,944","25,870"
524 5 48 5 099,Lumbini Sanskritik Development Area,NP,Rupandehi,"6,604","9,503","3,906","20,013"
524 5 54 4 008,Lungri,NP,Rolpa,"6,986","10,298","3,484","20,768"
524 4 39 4 002,Machhapuchchhre,NP,Kaski,"5,429","7,486","3,216","16,131"
524 5 51 4 001,Madane,NP,Gulmi,"13,659","21,291","9,926","44,876"
524 2 32 3 011,Madhav Narayan,NP,Rautahat,"8,652","11,470","5,461","25,583"
524 5 58 3 002,Madhuwan,NP,Bardiya,"13,153","17,666","6,990","37,809"
524 4 37 3 001,Madhya Nepal,NP,Lamjung,"16,761","24,729","9,753","51,243"
524 4 47 3 001,Madhyabindu,NP,Nawalparasi East,"8,960","11,734","5,312","26,006"
524 3 26 3 001,Madhyapur Thimi,NP,Bhaktapur,"5,361","7,357","3,871","16,589"
524 3 35 3 005,Madi,NP,Chitawan,"5,550","7,149","3,480","16,179"
524 4 39 4 003,Madi,NP,Kaski,"5,468","8,390","4,555","18,413"
524 5 54 4 004,Madi,NP,Rolpa,"5,890","7,525","3,928","17,343"
524 1 09 3 005,Madi,NP,Sankhuwasabha,"3,657","5,780","2,904","12,341"
524 3 24 4 007,Mahabharat,NP,Kabhrepalanchok,"7,245","9,949","4,524","21,718"
524 6 61 4 003,Mahabu,NP,Dailekh,"13,139","19,154","7,307","39,600"
524 2 15 4 005,Mahadeva,NP,Saptari,"7,982","11,296","5,409","24,687"
524 2 33 3 003,Mahagadhimai,NP,Bara,"7,335","10,373","3,746","21,454"
524 7 75 3 001,Mahakali,NP,Darchula,"4,799","5,844","2,760","13,403"
524 7 72 3 001,Mahakali,NP,Kanchanpur,"6,931","9,730","4,623","21,284"
524 1 11 4 002,Mahakulung,NP,Solukhumbu,"3,289","4,386","2,183","9,858"
524 1 07 3 001,Mahalaxmi,NP,Dhankuta,"5,368","7,014","2,999","15,381"
524 3 25 3 002,Mahalaxmi,NP,Lalitpur,"10,819","11,414","3,982","26,215"
524 3 25 4 003,Mahankal,NP,Lalitpur,"11,317","15,014","6,766","33,097"
524 5 49 3 005,Maharajgunj,NP,Kapilbastu,"18,469","29,182","10,172","57,823"
524 4 42 4 004,Mahashila,NP,Parbat,"10,687","14,749","6,610","32,046"
524 6 64 4 006,Mahawai,NP,Kalikot,"9,760","9,699","3,841","23,300"
524 2 18 4 004,Mahottari,NP,Mahottari,"4,105","4,599","1,955","10,659"
524 1 03 3 004,Mai,NP,Ilam,"12,551","13,363","4,992","30,906"
524 1 03 4 003,Maijogmai,NP,Ilam,"4,381","5,423","2,205","12,009"
524 1 01 4 005,Maiwakhola,NP,Taplejung,"8,664","12,272","5,147","26,083"
524 1 09 4 001,Makalu,NP,Sankhuwasabha,"5,353","6,376","2,763","14,492"
524 3 31 4 006,Makawanpurgadhi,NP,Makawanpur,0,0,0,0
524 2 19 3 009,Malangawa,NP,Sarlahi,"11,707","16,223","5,568","33,498"
524 5 50 4 001,Malarani,NP,Arghakhanchi,"5,495","5,667","2,942","14,104"
524 5 51 4 002,Malika,NP,Gulmi,"3,642","6,291","3,382","13,315"
524 4 44 4 004,Malika,NP,Myagdi,"5,170","7,139","3,444","15,753"
524 7 75 4 004,Malikaarjun,NP,Darchula,"7,480","8,259","3,382","19,121"
524 5 55 4 005,Mallarani,NP,Pyuthan,"5,802","7,230","3,254","16,286"
524 3 31 4 001,Manahari,NP,Makawanpur,0,0,0,0
524 3 24 3 001,Mandandeupur,NP,Kabhrepalanchok,319,"1,045",535,"1,899"
524 5 55 4 004,Mandavi,NP,Pyuthan,237,782,404,"1,423"
524 1 13 4 007,Manebhanjyang,NP,Okhaldhunga,291,"1,350",689,"2,330"
524 4 44 4 005,Mangala,NP,Myagdi,689,"1,668",672,"3,029"
524 7 69 3 002,Mangalsen,NP,Achham,840,"1,470",602,"2,912"
524 1 03 4 005,Mangsebung,NP,Ilam,"18,163","26,950","9,027","54,140"
524 2 18 3 006,Manra Siswa,NP,Mahottari,"19,637","32,868","9,916","62,421"
524 3 21 3 001,Manthali,NP,Ramechhap,"13,343","22,227","7,033","42,603"
524 5 48 4 010,Marchawari,NP,Rupandehi,"17,686","32,145","9,010","58,841"
524 3 20 4 002,Marin,NP,Sindhuli,"6,033","7,006","2,695","15,734"
524 7 75 4 007,Marma,NP,Darchula,"7,433","8,683","3,006","19,122"
524 4 37 4 002,Marsyangdi,NP,Lamjung,"9,546","11,760","3,759","25,065"
524 7 67 4 008,Masta,NP,Bajhang,"11,438","15,973","5,532","32,943"
524 5 46 4 004,Mathagadhi,NP,Palpa,0,0,0,0
524 2 18 3 010,Matihani,NP,Mahottari,"15,281","26,842","8,282","50,405"
524 2 32 3 006,Maulapur,NP,Rautahat,"12,779","16,658","5,959","35,396"
524 5 49 4 003,Mayadevi,NP,Kapilbastu,"6,733","9,249","3,103","19,085"
524 5 48 4 005,Mayadevi,NP,Rupandehi,"9,819","11,780","4,870","26,469"
524 1 04 3 005,Mechinagar,NP,Jhapa,"6,409","8,327","4,034","18,770"
524 3 28 4 001,Meghang,NP,Nuwakot,"8,905","11,461","4,651","25,017"
524 3 23 3 001,Melamchi,NP,Sindhupalchok,"6,686","10,045","4,630","21,361"
524 7 74 3 003,Melauli,NP,Baitadi,"7,350","8,684","3,555","19,589"
524 7 69 4 002,Mellekh,NP,Achham,"6,982","9,181","4,027","20,190"
524 3 22 4 006,Melung,NP,Dolakha,"8,828","10,224","3,559","22,611"
524 1 08 4 001,Menchayam,NP,Terhathum,"17,860","29,195","8,735","55,790"
524 1 01 4 004,Meringden,NP,Taplejung,"19,466","31,748","10,258","61,472"
524 1 05 4 002,Miklajung,NP,Morang,"13,185","16,846","5,398","35,429"
524 1 02 4 007,Miklajung,NP,Panchthar,"18,970","29,435","8,440","56,845"
524 1 01 4 002,Mikwakhola,NP,Taplejung,"12,628","19,073","5,717","37,418"
524 2 16 3 002,Mirchaiya,NP,Siraha,"15,633","22,735","6,873","45,241"
524 2 17 3 001,Mithila,NP,Dhanusha,"13,147","17,483","5,260","35,890"
524 2 17 3 005,Mithila Bihari,NP,Dhanusha,"40,177","81,359","17,206","138,742"
524 4 42 4 002,Modi,NP,Parbat,"17,973","29,166","8,683","55,822"
524 7 71 4 003,Mohanyal,NP,Kailali,"17,639","27,955","7,929","53,523"
524 1 13 4 003,Molung,NP,Okhaldhunga,"30,050","54,748","15,351","100,149"
524 6 62 4 004,Mudkechula,NP,Dolpa,"29,958","32,697","9,842","72,497"
524 6 65 4 003,Mugum Karmarong,NP,Mugu,"18,494","35,802","9,187","63,483"
524 2 17 4 005,Mukhiyapatti Musarmiya,NP,Dhanusha,"11,146","16,682","5,244","33,072"
524 5 51 3 001,Musikot,NP,Gulmi,"12,043","17,624","4,971","34,638"
524 6 52 3 003,Musikot,NP,Rukum West,"18,773","22,060","6,732","47,565"
524 4 40 4 001,Myagde,NP,Tanahu,"13,183","19,704","5,579","38,466"
524 1 08 3 002,Myanglung,NP,Terhathum,"18,251","22,435","6,470","47,156"
524 2 17 3 009,Nagarain,NP,Dhanusha,"11,665","17,803","4,723","34,191"
524 3 27 3 005,Nagarjun,NP,Kathmandu,"14,033","17,885","5,257","37,175"
524 6 66 4 001,Namkha,NP,Humla,"15,749","19,373","5,884","41,006"
524 3 24 3 006,Namobuddha,NP,Kabhrepalanchok,"15,037","17,912","5,356","38,305"
524 2 16 4 001,Naraha,NP,Siraha,"14,742","18,449","5,585","38,776"
524 6 64 4 001,Naraharinath,NP,Kalikot,0,0,0,0
524 5 57 4 006,Narainapur,NP,Banke,"26,619","31,235","8,927","66,781"
524 6 61 3 004,Narayan,NP,Dailekh,"24,310","31,525","9,114","64,949"
524 4 38 4 002,Narphu,NP,Manang,"24,582","39,223","11,437","75,242"
524 4 38 4 004,Nashong,NP,Manang,"24,315","29,709","8,336","62,360"
524 5 55 4 001,Naubahini,NP,Pyuthan,"21,751","24,935","8,114","54,800"
524 7 75 4 005,Naugad,NP,Darchula,"28,715","36,776","10,903","76,394"
524 3 29 4 005,Naukunda,NP,Rasuwa,"14,763","17,136","5,038","36,937"
524 6 61 4 004,Naumule,NP,Dailekh,"15,289","18,092","5,571","38,952"
524 7 73 4 003,Nawadurga,NP,Dadeldhura,"19,529","22,462","6,227","48,218"
524 2 16 4 007,Nawarajpur,NP,Siraha,"18,789","20,513","5,899","45,201"
524 1 11 4 005,Nechasalyan,NP,Solukhumbu,"12,365","14,170","6,105","32,640"
524 5 57 2 001,Nepalgunj,NP,Banke,"14,186","19,852","7,041","41,079"
524 4 38 4 001,Neshyang,NP,Manang,"17,688","18,816","6,869","43,373"
524 3 30 4 005,Netrawati,NP,Dhading,"10,775","11,968","5,301","28,044"
524 2 33 3 001,Nijgadh,NP,Bara,"8,963","10,747","5,625","25,335"
524 3 30 3 001,Nilakantha,NP,Dhading,"10,037","11,034","5,353","26,424"
524 5 46 4 008,Nisdi,NP,Palpa,"12,599","13,992","6,211","32,802"
524 4 43 4 001,Nisikhola,NP,Baglung,"11,691","15,713","5,144","32,548"
524 5 48 4 006,Omsatiya,NP,Rupandehi,"9,133","8,953","3,813","21,899"
524 6 64 4 003,Pachaljharana,NP,Kalikot,"8,608","9,088","4,033","21,729"
524 2 33 3 004,Pacharauta,NP,Bara,"8,341","9,566","4,547","22,454"
524 4 42 4 005,Painyu,NP,Parbat,"8,236","8,555","4,173","20,964"
524 2 34 4 009,Pakahamainpur,NP,Parsa,"7,926","9,670","4,441","22,037"
524 1 07 3 002,Pakhribas,NP,Dhankuta,"7,849","9,721","4,257","21,827"
524 6 64 4 004,Palata,NP,Kalikot,"7,681","9,346","4,454","21,481"
524 5 47 4 001,Palhi Nandan,NP,Nawalparasi West,"6,362","8,195","4,024","18,581"
524 4 36 3 001,Palungtar,NP,Gorkha,"8,092","10,625","5,090","23,807"
524 3 24 3 005,Panauti,NP,Kabhrepalanchok,"6,709","8,197","3,970","18,876"
524 7 69 3 004,Panchadewal Binayak,NP,Achham,"6,497","7,587","2,413","16,497"
524 3 28 4 007,Panchakanya,NP,Nuwakot,"6,806","8,225","2,901","17,932"
524 1 09 3 002,Panchakhapan,NP,Sankhuwasabha,"7,339","8,229","3,021","18,589"
524 7 74 4 004,Pancheshwar,NP,Baitadi,0,0,0,0
524 3 24 3 004,Panchkhal,NP,Kabhrepalanchok,"13,258","14,833","4,668","32,759"
524 3 23 4 002,Panchpokhari Thangpal,NP,Sindhupalchok,"8,972","8,778","2,259","20,009"
524 6 59 3 001,Panchpuri,NP,Surkhet,"8,494","9,026","3,258","20,778"
524 7 68 4 004,Pandav Gupha,NP,Bajura,"4,157","4,800","1,924","10,881"
524 5 50 4 003,Panini,NP,Arghakhanchi,"7,168","8,176","2,642","17,986"
524 7 73 3 001,Parashuram,NP,Dadeldhura,"6,392","6,463","3,179","16,034"
524 3 29 4 001,Parbati Kunda,NP,Rasuwa,"9,692","10,447","2,818","22,957"
524 2 32 3 012,Paroha,NP,Rautahat,"12,216","11,883","4,114","28,213"
524 2 19 4 009,Parsa,NP,Sarlahi,"10,596","9,228","3,807","23,631"
524 2 33 5 095,Parsa Wildlife Reserve,NP,Bara,"12,354","12,142","3,433","27,929"
524 3 31 5 095,Parsa Wildlife Reserve,NP,Makawanpur,"15,423","17,140","5,886","38,449"
524 2 34 5 095,Parsa Wildlife Reserve,NP,Parsa,"13,771","12,813","4,356","30,940"
524 2 34 3 003,Parsagadhi,NP,Parsa,"13,758","12,100","4,434","30,292"
524 2 33 4 001,Parwanipur,NP,Bara,"11,710","10,034","3,677","25,421"
524 1 05 3 004,Patahrishanishchare,NP,Morang,"11,980","11,641","4,310","27,931"
524 7 74 3 004,Patan,NP,Baitadi,"6,648","6,361","2,049","15,058"
524 2 34 4 003,Paterwasugauli,NP,Parsa,"7,088","7,836","2,762","17,686"
524 6 63 4 003,Patrasi,NP,Jumla,"8,379","7,710","2,538","18,627"
524 1 10 4 005,Pauwadungma,NP,Bhojpur,"9,662","9,263","3,467","22,392"
524 1 01 4 001,Phaktanglung,NP,Taplejung,"49,683","73,052","18,793","141,528"
524 4 42 3 002,Phalebas,NP,Parbat,"55,478","80,421","20,265","156,164"
524 2 32 3 003,Phatuwa Bijayapur,NP,Rautahat,"16,314","25,446","5,895","47,655"
524 1 08 4 002,Phedap,NP,Terhathum,"10,759","13,100","3,610","27,469"
524 4 41 4 002,Phedikhola,NP,Syangja,"7,567","10,871","3,046","21,484"
524 2 33 4 005,Pheta,NP,Bara,"9,268","12,195","3,740","25,203"
524 1 02 3 001,Phidim,NP,Panchthar,"10,185","11,835","3,017","25,037"
524 3 20 4 007,Phikkal,NP,Sindhuli,"10,922","10,136","3,187","24,245"
524 1 01 3 001,Phungling,NP,Taplejung,"14,009","19,025","5,558","38,592"
524 2 18 4 005,Pipra,NP,Mahottari,"14,531","20,701","5,532","40,764"
524 4 39 1 001,Pokhara Lekhnath,NP,Kaski,"47,089","76,039","15,823","138,951"
524 2 34 3 001,Pokhariya,NP,Parsa,"25,205","37,188","8,254","70,647"
524 2 33 4 002,Prasauni,NP,Bara,"18,824","24,891","7,246","50,961"
524 5 47 4 003,Pratappur,NP,Nawalparasi West,"19,757","27,274","7,387","54,418"
524 7 72 3 007,Punarbas,NP,Kanchanpur,"14,442","18,458","4,939","37,839"
524 5 46 4 006,Purbakhola,NP,Palpa,"14,909","17,834","4,717","37,460"
524 7 70 4 003,Purbichauki,NP,Doti,"22,665","29,945","7,336","59,946"
524 7 74 3 002,Purchaudi,NP,Baitadi,"13,761","16,534","4,647","34,942"
524 4 41 3 001,Putalibazar,NP,Syangja,"18,662","33,211","7,680","59,553"
524 5 52 4 002,Putha Uttarganga,NP,Rukum East,"16,216","23,679","6,542","46,437"
524 5 55 3 002,Pyuthan,NP,Pyuthan,"15,746","22,919","5,651","44,316"
524 4 44 4 002,Raghuganga,NP,Myagdi,"24,379","33,763","8,537","66,679"
524 5 46 4 001,Rainadevi Chhahara,NP,Palpa,"23,128","36,217","8,667","68,012"
524 4 37 3 004,Rainas,NP,Lamjung,"19,890","28,288","7,697","55,875"
524 5 58 3 001,Rajapur,NP,Bardiya,"11,985","18,414","4,472","34,871"
524 2 15 3 008,Rajbiraj,NP,Saptari,"16,544","24,158","7,166","47,868"
524 2 32 3 016,Rajdevi,NP,Rautahat,0,0,0,0
524 5 56 4 004,Rajpur,NP,Dang,"11,301","12,822","3,315","27,438"
524 2 32 3 014,Rajpur,NP,Rautahat,"14,785","15,240","3,576","33,601"
524 3 31 4 002,Raksirang,NP,Makawanpur,"13,016","16,004","3,919","32,939"
524 7 69 4 004,Ramaroshan,NP,Achham,"9,914","9,954","2,326","22,194"
524 5 46 4 007,Rambha,NP,Palpa,"8,055","8,397","2,244","18,696"
524 1 06 3 002,Ramdhuni,NP,Sunsari,"8,186","8,858","2,360","19,404"
524 3 21 3 002,Ramechhap,NP,Ramechhap,"15,072","16,633","4,347","36,052"
524 2 18 3 005,Ramgopalpur,NP,Mahottari,"13,862","16,079","4,177","34,118"
524 5 47 3 003,Ramgram,NP,Nawalparasi West,"12,847","16,337","4,546","33,730"
524 2 19 4 005,Ramnagar,NP,Sarlahi,"10,436","11,499","3,037","24,972"
524 1 10 4 004,Ramprasad Rai,NP,Bhojpur,"8,555","9,003","2,408","19,966"
524 5 46 3 002,Rampur,NP,Palpa,"5,615","6,312","1,666","13,593"
524 1 05 3 006,Rangeli,NP,Morang,"9,340","10,887","2,778","23,005"
524 3 35 3 004,Rapti,NP,Chitawan,"8,581","9,993","2,878","21,452"
524 5 56 4 007,Rapti,NP,Dang,"6,463","7,879","2,282","16,624"
524 5 57 4 005,Rapti Sonari,NP,Banke,"7,316","8,679","2,209","18,204"
524 6 64 3 001,Raskot,NP,Kalikot,"13,787","14,594","3,850","32,231"
524 3 35 3 002,Ratnanagar,NP,Chitawan,"17,030","19,446","4,931","41,407"
524 1 05 3 008,Ratuwamai,NP,Morang,"34,945","53,386","12,127","100,458"
524 1 14 4 004,Rautamai,NP,Udayapur,"11,467","14,758","4,070","30,295"
524 5 51 3 002,Resunga,NP,Gulmi,"17,259","20,545","5,961","43,765"
524 4 40 4 003,Rhishing,NP,Tanahu,"11,197","11,069","2,974","25,240"
524 5 46 4 003,Ribdikot,NP,Palpa,"10,477","12,923","3,402","26,802"
524 5 48 4 007,Rohini,NP,Rupandehi,"7,418","7,782","2,075","17,275"
524 5 54 3 001,Rolpa,NP,Rolpa,"10,780","11,517","3,548","25,845"
524 1 03 4 006,Rong,NP,Ilam,"16,491","15,138","3,666","35,295"
524 3 24 4 004,Roshi,NP,Kabhrepalanchok,"13,661","16,231","3,623","33,515"
524 3 30 4 001,Rubi Valley,NP,Dhading,"11,639","11,206","2,745","25,590"
524 5 54 4 009,Runtigadi,NP,Rolpa,"10,437","9,064","2,232","21,733"
524 4 39 4 004,Rupa,NP,Kaski,"9,597","9,006","2,018","20,621"
524 1 12 3 002,Rupakot Majhuwagadhi,NP,Khotang,"8,052","8,121","1,910","18,083"
524 2 15 4 001,Rupani,NP,Saptari,"6,946","6,628","1,695","15,269"
524 5 51 4 008,Ruru,NP,Gulmi,"13,292","12,756","3,179","29,227"
524 2 17 3 006,Sabaila,NP,Dhanusha,"11,691","11,414","3,044","26,149"
524 1 09 4 005,Sabhapokhari,NP,Sankhuwasabha,"17,525","18,192","5,823","41,540"
524 4 36 4 008,Sahid Lakhan,NP,Gorkha,"10,580","12,850","3,607","27,037"
524 2 17 3 008,Sahidnagar,NP,Dhanusha,"8,738","8,111","2,047","18,896"
524 3 22 4 005,Sailung,NP,Dolakha,"9,132","9,528","2,573","21,233"
524 5 48 3 001,Sainamaina,NP,Rupandehi,"8,442","8,321","2,514","19,277"
524 1 12 4 005,Sakela,NP,Khotang,"8,938","9,301","2,563","20,802"
524 2 34 4 004,Sakhuwa Prasauni,NP,Parsa,"8,970","10,197","2,866","22,033"
524 2 16 4 008,Sakhuwanankarkatti,NP,Siraha,"6,227","7,539","2,117","15,883"
524 1 10 4 001,Salpasilichho,NP,Bhojpur,"8,508","8,001","2,269","18,778"
524 5 48 4 009,Sammarimai,NP,Rupandehi,"4,405","4,537","1,162","10,104"
524 2 18 4 002,Samsi,NP,Mahottari,"3,281","4,181",908,"8,370"
524 1 03 4 002,Sandakpur,NP,Ilam,"1,098","1,494",507,"3,099"
524 5 50 3 002,Sandhikharka,NP,Arghakhanchi,940,"1,074",259,"2,273"
524 1 07 4 003,Sangurigadhi,NP,Dhankuta,812,"1,001",313,"2,126"
524 6 52 4 001,Sani Bheri,NP,Rukum West,"2,325","2,244",560,"5,129"
524 6 64 4 002,Sanni Tribeni,NP,Kalikot,"1,330","1,709",537,"3,576"
524 7 69 3 001,Sanphebagar,NP,Achham,506,730,215,"1,451"
524 2 15 3 004,Saptakoshi,NP,Saptari,"7,037","9,771","2,239","19,047"
524 5 47 4 002,Sarawal,NP,Nawalparasi West,"5,357","6,270","1,589","13,216"
524 6 66 4 004,Sarkegad,NP,Humla,"5,137","5,447","1,409","11,993"
524 5 55 4 006,Sarumarani,NP,Pyuthan,"6,190","6,883","1,498","14,571"
524 5 51 4 009,Satyawati,NP,Gulmi,"4,775","4,613","1,165","10,553"
524 7 70 4 002,Sayal,NP,Doti,"6,158","5,885","1,564","13,607"
524 1 10 3 001,Shadananda,NP,Bhojpur,"6,252","6,631","1,755","14,638"
524 7 75 3 002,Shailyashikhar,NP,Darchula,"4,103","4,716","1,051","9,870"
524 2 15 3 003,Shambhunath,NP,Saptari,"7,231","7,015","2,026","16,272"
524 3 27 3 007,Shankharapur,NP,Kathmandu,"8,972","9,136","2,180","20,288"
524 5 56 4 003,Shantinagar,NP,Dang,"7,014","6,905","1,847","15,766"
524 6 53 3 003,Sharada,NP,Salyan,"9,908","8,905","2,553","21,366"
524 6 62 4 001,Shey Phoksundo,NP,Dolpa,"5,775","5,518","1,553","12,846"
524 7 70 3 001,Shikhar,NP,Doti,"5,475","5,261","1,607","12,343"
524 7 74 4 005,Shivanath,NP,Baitadi,"7,157","6,444","1,702","15,303"
524 3 28 4 010,Shivapuri,NP,Nuwakot,"6,593","5,840","1,647","14,080"
524 3 28 5 096,Shivapuri Watershed and Wildlife Reserve,NP,Nuwakot,"3,774","3,587",962,"8,323"
524 5 49 3 001,Shivaraj,NP,Kapilbastu,"8,633","9,135","2,314","20,082"
524 1 04 3 002,Shivasataxi,NP,Jhapa,"7,524","7,283","2,309","17,116"
524 6 60 4 004,Shiwalaya,NP,Jajarkot,"5,436","5,240","1,562","12,238"
524 4 40 3 001,Shuklagandaki,NP,Tanahu,"2,046","2,404",946,"5,396"
524 7 72 3 004,Shuklaphanta,NP,Kanchanpur,"1,003","1,962",935,"3,900"
524 7 72 5 097,Shuklaphanta National Park,NP,Kanchanpur,"4,293","5,601","1,663","11,557"
524 3 30 4 007,Siddhalek,NP,Dhading,"2,479","2,688",844,"6,011"
524 5 48 3 005,Siddharthanagar,NP,Rupandehi,"4,197","4,276","1,395","9,868"
524 1 13 3 001,Siddhicharan,NP,Okhaldhunga,"2,451","2,411",655,"5,517"
524 1 01 4 008,Sidingba,NP,Taplejung,"2,652","2,611",701,"5,964"
524 7 74 4 006,Sigas,NP,Baitadi,"3,256","3,019",841,"7,116"
524 1 09 4 003,Silichong,NP,Sankhuwasabha,"14,739","14,347","4,138","33,224"
524 6 66 4 002,Simkot,NP,Humla,"9,292","9,783","3,116","22,191"
524 2 33 3 005,Simraungadh,NP,Bara,"1,008",927,247,"2,182"
524 6 59 4 004,Simta,NP,Surkhet,"4,325","3,828",869,"9,022"
524 6 63 4 002,Sinja,NP,Jumla,"5,196","4,788","1,573","11,557"
524 2 16 3 008,Siraha,NP,Siraha,"7,803","7,074","2,277","17,154"
524 4 36 4 005,Siranchok,NP,Gorkha,"9,699","8,855","2,753","21,307"
524 1 01 4 003,Sirijangha,NP,Taplejung,"5,832","5,424","1,716","12,972"
524 5 52 4 001,Sisne,NP,Rukum East,"7,039","6,998","2,259","16,296"
524 5 50 3 003,Sitganga,NP,Arghakhanchi,"6,795","6,209","1,947","14,951"
524 5 48 4 004,Siyari,NP,Rupandehi,"8,042","7,319","2,591","17,952"
524 1 11 3 001,Solududhakunda,NP,Solukhumbu,"7,005","6,442","2,446","15,893"
524 2 18 4 001,Sonama,NP,Mahottari,0,0,0,0
524 6 65 4 002,Soru,NP,Mugu,"7,835","8,327","2,614","18,776"
524 1 11 4 007,Sotang,NP,Solukhumbu,"6,990","7,787","2,041","16,818"
524 5 49 4 004,Suddhodhan,NP,Kapilbastu,"9,895","8,737","3,045","21,677"
524 5 48 4 002,Sudhdhodhan,NP,Rupandehi,"8,400","7,522","2,441","18,363"
524 2 16 3 007,Sukhipur,NP,Siraha,"3,968","3,874","1,372","9,214"
524 5 54 4 001,Sukidaha,NP,Rolpa,"3,771","3,600","1,144","8,515"
524 4 36 4 003,Sulikot,NP,Gorkha,"8,459","7,564","2,552","18,575"
524 3 21 4 001,Sunapati,NP,Ramechhap,"4,131","4,107","1,194","9,432"
524 5 54 4 005,Sunchhahari,NP,Rolpa,"5,655","5,438","1,691","12,784"
524 4 37 3 003,Sundarbazar,NP,Lamjung,0,0,0,0
524 1 05 3 002,Sundarharaicha,NP,Morang,"14,088","14,635","5,065","33,788"
524 1 13 4 005,Sunkoshi,NP,Okhaldhunga,"14,215","13,868","4,424","32,507"
524 3 20 4 004,Sunkoshi,NP,Sindhuli,"12,807","11,250","3,428","27,485"
524 3 23 4 007,Sunkoshi,NP,Sindhupalchok,"11,691","9,780","3,678","25,149"
524 1 14 4 002,Sunkoshi,NP,Udayapur,"10,516","10,121","3,101","23,738"
524 5 47 3 001,Sunwal,NP,Nawalparasi West,"11,448","9,958","3,264","24,670"
524 1 05 3 007,Sunwarshi,NP,Morang,"7,497","7,266","2,596","17,359"
524 7 67 4 002,Surma,NP,Bajhang,"11,413","10,587","3,166","25,166"
524 7 74 4 003,Surnaya,NP,Baitadi,"9,764","9,071","2,727","21,562"
524 2 15 3 001,Surunga,NP,Saptari,"11,137","10,582","3,045","24,764"
524 3 26 3 004,Suryabinayak,NP,Bhaktapur,0,0,0,0
524 3 28 4 004,Suryagadhi,NP,Nuwakot,"13,551","13,014","5,236","31,801"
524 1 03 3 003,Suryodaya,NP,Ilam,"13,830","14,619","4,492","32,941"
524 5 47 4 004,Susta,NP,Nawalparasi West,"11,157","9,391","3,397","23,945"
524 2 33 4 008,Suwarna,NP,Bara,"9,079","7,847","2,625","19,551"
524 5 54 4 007,Suwarnabati,NP,Rolpa,"10,396","8,989","3,098","22,483"
524 7 68 4 005,Swami Kartik,NP,Bajura,"8,353","9,740","2,731","20,824"
524 5 55 3 001,Sworgadwary,NP,Pyuthan,"9,325","8,461","3,117","20,903"
524 3 28 4 005,Tadi,NP,Nuwakot,"7,277","7,487","1,956","16,720"
524 7 67 4 003,Talkot,NP,Bajhang,"7,923","7,780","2,199","17,902"
524 3 22 4 007,Tamakoshi,NP,Dolakha,0,0,0,0
524 4 43 4 002,Taman Khola,NP,Baglung,"49,998","80,340","17,403","147,741"
524 6 66 4 006,Tanjakot,NP,Humla,"30,467","37,684","9,867","78,018"
524 5 46 3 001,Tansen,NP,Palpa,"21,401","26,921","6,992","55,314"
524 1 14 4 001,Tapli,NP,Udayapur,"28,285","38,326","8,975","75,586"
524 4 43 4 004,Tara Khola,NP,Baglung,"17,637","27,857","6,351","51,845"
524 3 27 3 001,Tarakeshwor,NP,Kathmandu,"26,475","39,183","10,426","76,084"
524 3 28 4 003,Tarkeshwar,NP,Nuwakot,"29,740","36,335","9,350","75,425"
524 6 63 4 006,Tatopani,NP,Jumla,"8,271","8,621","2,032","18,924"
524 3 24 4 005,Temal,NP,Kabhrepalanchok,"14,316","26,759","6,912","47,987"
524 3 31 3 001,Thaha,NP,Makawanpur,"9,790","9,830","2,433","22,053"
524 3 30 4 011,Thakre,NP,Dhading,"11,730","19,875","4,854","36,459"
524 5 58 3 003,Thakurbaba,NP,Bardiya,"12,658","15,899","4,126","32,683"
524 7 67 4 009,Thalara,NP,Bajhang,"16,524","25,640","6,376","48,540"
524 6 61 4 001,Thantikandh,NP,Dailekh,"15,321","18,845","5,087","39,253"
524 4 45 4 005,Thasang,NP,Mustang,"34,144","55,602","14,853","104,599"
524 5 54 4 003,Thawang,NP,Rolpa,"18,393","24,465","6,621","49,479"
524 2 34 4 001,Thori,NP,Parsa,"18,016","22,744","6,074","46,834"
524 6 62 3 002,Thuli Bheri,NP,Dolpa,"21,958","27,681","7,004","56,643"
524 7 71 3 005,Tikapur,NP,Kailali,"18,852","27,870","6,822","53,544"
524 6 63 4 005,Tila,NP,Jumla,"21,075","25,528","7,030","53,633"
524 6 64 3 003,Tilagufa,NP,Kalikot,"8,691","10,569","2,689","21,949"
524 2 15 4 009,Tilathi Koiladi,NP,Saptari,"8,323","11,543","2,703","22,569"
524 5 48 3 003,Tillotama,NP,Rupandehi,0,0,0,0
524 5 46 4 002,Tinau,NP,Palpa,"15,255","15,632","4,096","34,983"
524 3 20 4 006,Tinpatan,NP,Sindhuli,"7,616","10,496","3,133","21,245"
524 2 15 4 003,Tirahut,NP,Saptari,"5,863","6,227","2,039","14,129"
524 3 27 3 002,Tokha,NP,Kathmandu,"6,443","7,795","2,828","17,066"
524 7 68 3 004,Tribeni,NP,Bajura,"12,999","15,546","6,030","34,575"
524 5 54 4 006,Tribeni,NP,Rolpa,"8,412","8,615","2,930","19,957"
524 6 52 4 003,Tribeni,NP,Rukum West,"8,038","8,340","2,153","18,531"
524 6 53 4 006,Tribeni,NP,Salyan,"6,196","6,458","2,439","15,093"
524 6 60 3 003,Tribeni Nalagad,NP,Jajarkot,"16,538","17,201","5,435","39,174"
524 3 30 4 004,Tripura Sundari,NP,Dhading,"9,317","9,816","3,412","22,545"
524 6 62 3 001,Tripurasundari,NP,Dolpa,"9,282","10,252","3,390","22,924"
524 3 23 4 008,Tripurasundari,NP,Sindhupalchok,"11,897","13,810","4,728","30,435"
524 1 14 3 002,Triyuga,NP,Udayapur,"9,929","10,608","4,095","24,632"
524 5 56 2 001,Tulsipur,NP,Dang,"7,767","8,098","2,684","18,549"
524 1 02 4 006,Tumbewa,NP,Panchthar,"7,917","7,803","3,046","18,766"
524 7 69 4 006,Turmakhad,NP,Achham,"7,520","7,344","2,251","17,115"
524 1 10 4 002,Tyamkemaiyung,NP,Bhojpur,"8,984","9,589","2,937","21,510"
524 1 14 4 003,Udayapurgadhi,NP,Udayapur,"7,854","10,213","3,164","21,231"
524 3 21 4 004,Umakunda,NP,Ramechhap,"8,735","9,981","3,344","22,060"
524 1 05 3 005,Uralabari,NP,Morang,"3,890","4,593","1,864","10,347"
524 3 29 4 003,Uttargaya,NP,Rasuwa,"4,095","4,924","1,799","10,818"
524 4 41 3 004,Waling,NP,Syangja,"2,758","3,120",901,"6,779"
524 1 02 4 002,Yangwarak,NP,Panchthar,"7,433","6,675","1,766","15,874"
524 1 01 4 007,Yangwarak,NP,Taplejung,"5,782","6,824","2,975","15,581"
524 5 49 4 002,Yashodhara,NP,Kapilbastu,"5,836","6,393","2,609","14,838"
524 2 32 4 001,Yemunamai,NP,Rautahat,"6,343","6,641","1,972","14,956"